{"serial_number": "iDS-TCE900QX-B/16 20201103AIF06044292", "crossIP": 11109, "cameraID": "camera5", "reprojection_error": 0.422073, "calibration_result_flag": "Success!", "header": {"seq": 0, "stamp": {"secs": 0, "nsecs": 0}, "frame_id": ""}, "height": 1080, "width": 1920, "distortion_model": "plumb_bob", "cam_D": [-0.456519, 0.212448, -0.003699, -2.5e-05, 0.0], "cam_K": [2186.345828, 0.0, 966.251649, 0.0, 2333.918483, 582.06732, 0.0, 0.0, 1.0], "R": [1.0, 0.0, 0.0, 0.0, 1.0, 0.0, 0.0, 0.0, 1.0], "P": [1976.82373, 0.0, 967.62909, 0.0, 0.0, 2275.418945, 582.73974, 0.0, 0.0, 0.0, 1.0, 0.0], "binning_x": 0, "binning_y": 0, "roi": {"x_offset": 0, "y_offset": 0, "height": 0, "width": 0, "do_rectify": false}, "checkerboard_cols": 6, "checkerboard_rows": 4, "checkerboard_dimensions": 0.1}