{"rotation": [[-0.015924031106951807, -0.9970910082744454, -0.048653390841107855], [-0.2180031405887712, 0.02676148905342965, -0.8190861691900966], [0.9761118022336381, -0.018202166823849272, -0.17955042136754948]], "translation": [[-1.384143573496856], [5.665226027607204], [1.479539176235541]]}